"2019-12-02","4772832","ZXT02K","13272-2868","50"
"2019-12-03","4772854","ZXT02K","13272-2870","100"
"2019-12-02","4770309","31G","14181-31G05-10","300"
"2019-12-05","4770310","31G","14182-31G60-10","300"
"2019-12-02","4770288","10F","14342-10FA0","1"
"2019-12-06","4770276","04K","14781-04K01","120"
"2019-12-09","4772791","ZR900C","18018-0609","200"
"2019-12-03","4772753","ZRT00K","18018-0622","100"
"2019-12-03","4772874","ZXT02K","18088-1536","100"
"2019-12-02","4772759","ZRT00K","18110-0221","100"
"2019-12-02","4772764","ZRT00K","18110-0222","100"
"2019-11-28","4772735","KX450F","18180-0716-300","85"
"2019-11-28","4772732","KX250Z","18180-0772-300","94"
"2020-01-06","0","115ZV-2","38721-2554-601","1"
"2020-01-06","0","115ZV-2","38721-2555-601","1"
"2019-12-14","4772888","90Z7B","38721-3944-001","18"
"2019-12-13","4772889","90Z7B","38721-3944-102","40"
"2019-12-06","4772890","90Z7B","38721-3945","18"
"2020-01-06","0","90Z7","38721-4128","3"
"2020-01-06","0","97ZV","38765-2536-601","2"
"2019-12-24","0","90Z6-EE","38765-3045-101","17"
"2019-11-29","4772725","F43EQ","3B791-12121-107","100"
"2019-12-04","4772724","F43ENQ","3B881-12121-107","59"
"2019-12-10","4772748","M9540","3C081-12112-014","200"
"2020-01-06","0","97ZV","41607-5963-100","1"
"2020-01-06","0","97ZV","41607-5964-100","1"
"2020-01-23","0","WR6100","5H931-26512-003","5"
